{
  "emojis": [
    {
      "id": 1,
      "category": "hat",
      "name": "Crown",
      "emoji": "👑"
    },
    {
      "id": 2,
      "category": "hat",
      "name": "Sun Hat",
      "emoji": "👒"
    },
    {
      "id": 3,
      "category": "hat",
      "name": "Top Hat",
      "emoji": "🎩"
    },
    {
      "id": 4,
      "category": "hat",
      "name": "Baseball Cap",
      "emoji": "🧢"
    },
    {
      "id": 5,
      "category": "top",
      "name": "Dress",
      "emoji": "👗"
    },
    {
      "id": 6,
      "category": "top",
      "name": "Kimono",
      "emoji": "👘"
    },
    {
      "id": 7,
      "category": "top",
      "name": "Coat",
      "emoji": "🧥"
    },
    {
      "id": 8,
      "category": "top",
      "name": "T-Shirt",
      "emoji": "👕"
    },
    {
      "id": 9,
      "category": "top",
      "name": "Shirt and Tie",
      "emoji": "👔"
    },
    {
      "id": 10,
      "category": "top",
      "name": "Lab Coat",
      "emoji": "🥼"
    },
    {
      "id": 11,
      "category": "bottom",
      "name": "Jeans",
      "emoji": "👖"
    },
    {
      "id": 12,
      "category": "bottom",
      "name": "leg",
      "emoji": "🦵"
    },
    {
      "id": 13,
      "category": "shoe",
      "name": "Lifestyle Sneaker",
      "emoji": "👞"
    },
    {
      "id": 14,
      "category": "shoe",
      "name": "Running Shoe",
      "emoji": "👟"
    },
    {
      "id": 14,
      "category": "shoe",
      "name": "Sandal",
      "emoji": "👡"
    },
    {
      "id": 15,
      "category": "shoe",
      "name": "Hiking Boot",
      "emoji": "🥾"
    },
    {
      "id": 16,
      "category": "shoe",
      "name": "High-Heels",
      "emoji": "👠"
    },
    {
      "id": 17,
      "category": "face",
      "name": "neutral",
      "emoji": "😃"
    },
    {
      "id": 18,
      "category": "face",
      "name": "male",
      "emoji": "🧑"
    },
    {
      "id": 19,
      "category": "face",
      "name": "female",
      "emoji": "👩"
    },
    {
      "id": 20,
      "category": "face",
      "name": "glasses",
      "emoji": "🤓"
    },
    {
      "id": 21,
      "category": "face",
      "name": "clown",
      "emoji": "🤡"
    },
    {
      "id": 22,
      "category": "face",
      "name": "ogre",
      "emoji": "👹"
    },
    {
      "id": 23,
      "category": "face",
      "name": "alien",
      "emoji": "👽"
    },
    {
      "id": 24,
      "category": "face",
      "name": "robot",
      "emoji": "🤖"
    },
    {
      "id": 25,
      "category": "hat",
      "name": "brain",
      "emoji": "🧠"
    }
  ]
}
